{"cameraMode":{"drawMode":0,"name":"Shaded","section":"Shading Mode"},"sceneLighting":false,"audioPlay":false,"sceneViewState":{"m_AlwaysRefresh":false,"showFog":true,"showSkybox":false,"showFlares":true,"showImageEffects":true,"showParticleSystems":true,"showVisualEffectGraphs":true,"m_FxEnabled":true},"in2DMode":false,"pivot":{"x":34.777732849121097,"y":338.9158630371094,"z":-16.76706314086914},"rotation":{"x":0.006040867418050766,"y":-0.9918048977851868,"z":0.11688510328531265,"w":0.0512264221906662},"size":232.21990966796876,"orthographic":false}