{"cameraMode":{"drawMode":0,"name":"Shaded","section":"Shading Mode"},"sceneLighting":true,"audioPlay":false,"sceneViewState":{"m_AlwaysRefresh":false,"showFog":true,"showSkybox":false,"showFlares":true,"showImageEffects":true,"showParticleSystems":true,"showVisualEffectGraphs":true,"m_FxEnabled":true},"in2DMode":false,"pivot":{"x":4.553997039794922,"y":-2.2109017372131349,"z":0.11599254608154297},"rotation":{"x":-0.030475003644824029,"y":-0.9690845012664795,"z":0.1871880739927292,"w":-0.15777727961540223},"size":4.667749881744385,"orthographic":false}