{"cameraMode":{"drawMode":0,"name":"Shaded","section":"Shading Mode"},"sceneLighting":true,"audioPlay":false,"sceneViewState":{"m_AlwaysRefresh":false,"showFog":true,"showSkybox":false,"showFlares":true,"showImageEffects":true,"showParticleSystems":true,"showVisualEffectGraphs":true,"m_FxEnabled":true},"in2DMode":false,"pivot":{"x":12.382305145263672,"y":-1.8253002166748047,"z":48.90965270996094},"rotation":{"x":0.02258060686290264,"y":0.140802264213562,"z":-0.0032139045652002098,"w":0.9897681474685669},"size":26.869613647460939,"orthographic":false}