{"cameraMode":{"drawMode":0,"name":"Shaded","section":"Shading Mode"},"sceneLighting":false,"audioPlay":false,"sceneViewState":{"m_AlwaysRefresh":false,"showFog":true,"showSkybox":false,"showFlares":true,"showImageEffects":true,"showParticleSystems":true,"showVisualEffectGraphs":true,"m_FxEnabled":true},"in2DMode":false,"pivot":{"x":0.7800979614257813,"y":0.11442019790410996,"z":-0.4159073829650879},"rotation":{"x":-0.10370999574661255,"y":0.7253320217132568,"z":-0.11209344863891602,"w":-0.6712632179260254},"size":0.2971669137477875,"orthographic":false}