{"cameraMode":{"drawMode":0,"name":"Shaded","section":"Shading Mode"},"sceneLighting":false,"audioPlay":false,"sceneViewState":{"m_AlwaysRefresh":false,"showFog":true,"showSkybox":false,"showFlares":true,"showImageEffects":true,"showParticleSystems":true,"showVisualEffectGraphs":true,"m_FxEnabled":true},"in2DMode":false,"pivot":{"x":-0.00030159950256347656,"y":0.2124391347169876,"z":0.1840784251689911},"rotation":{"x":-0.019294068217277528,"y":-0.8283771872520447,"z":0.028590990230441095,"w":-0.5590984225273132},"size":0.43098026514053347,"orthographic":false}