{"cameraMode":{"drawMode":0,"name":"Shaded","section":"Shading Mode"},"sceneLighting":false,"audioPlay":false,"sceneViewState":{"m_AlwaysRefresh":false,"showFog":true,"showSkybox":false,"showFlares":true,"showImageEffects":true,"showParticleSystems":true,"showVisualEffectGraphs":true,"m_FxEnabled":true},"in2DMode":false,"pivot":{"x":0.9183664321899414,"y":0.20782819390296937,"z":0.43433868885040285},"rotation":{"x":0.04476001858711243,"y":-0.6840530633926392,"z":-0.04211930185556412,"w":-0.7268213629722595},"size":0.8769959807395935,"orthographic":false}