{"cameraMode":{"drawMode":0,"name":"Shaded","section":"Shading Mode"},"sceneLighting":false,"audioPlay":false,"sceneViewState":{"m_AlwaysRefresh":false,"showFog":true,"showSkybox":false,"showFlares":true,"showImageEffects":true,"showParticleSystems":true,"showVisualEffectGraphs":true,"m_FxEnabled":true},"in2DMode":false,"pivot":{"x":-1.787235975265503,"y":0.009341367520391941,"z":1.5885939598083497},"rotation":{"x":-0.060516081750392917,"y":-0.9355884194374085,"z":0.19794651865959168,"w":-0.28603506088256838},"size":0.5612484216690064,"orthographic":false}